Partner_transaction_id,Transaction_id,Amount,Rmb_amount,Fee,Refund,Settlement,Rmb_settlement,Currency,Rate,Payment_time,Settlement_time,Type
1826781925534936390,2023022222001164891445517882,17.22,119.00,,,,,USD,6.911300,2023-02-22 14:44:57,,P
1825847256965297387,2023022222001107021420937863,34.58,239.00,,,,,USD,6.911300,2023-02-22 11:27:22,,P
3214775628105076045,2023022222001172781436784322,34.74,239.00,0.00,34.74,0.00,0.00,USD,6.878700,2023-02-22 09:10:59,,P
3215384389997827736,2023022222001178051453944274,58.70,403.79,,,,,USD,6.878700,2023-02-22 07:52:53,,P
3215251981133958932,2023022122001191601457414288,28.06,193.03,,,,,USD,6.878700,2023-02-21 23:48:05,,P
1825975094044313370,2023022122001164581425128831,36.20,249.00,,,,,USD,6.878700,2023-02-21 16:11:10,,P
1825794123971411884,2023022122001199081433228810,17.30,119.00,,,,,USD,6.878700,2023-02-21 12:34:27,,P
1824915900415608189,2023022122001115771427664245,12.50,86.00,,,,,USD,6.878700,2023-02-21 10:59:14,,P
3213549146380485640,2023022022001171251430531511,12.92,89.00,,,,,USD,6.888800,2023-02-20 23:10:50,,P
3213472718797602255,2023022022001171841418135521,12.92,89.00,,,,,USD,6.888800,2023-02-20 22:21:21,,P
3212179020325728006,2023022022001150391403515205,17.27,119.00,,,,,USD,6.888800,2023-02-20 19:26:56,,P
3212608789545226545,2023022022001165991427271060,37.60,259.00,,,,,USD,6.888800,2023-02-20 17:06:58,,P
3212087439782913838,2023022022001119851440601071,36.15,249.00,,,,,USD,6.888900,2023-02-20 07:39:19,,P
3211543549558925239,2023022022001105601436196215,7.76,53.46,,,,,USD,6.888900,2023-02-20 03:44:07,,P
3211714119084386751,2023021922001183091441520080,17.27,119.00,,,,,USD,6.888900,2023-02-19 21:21:04,,P
3209448169909284641,2023021922001130781423208001,12.92,89.00,,,,,USD,6.888900,2023-02-19 03:13:58,,P
3208718628116194404,2023021922001117531455481618,36.15,249.00,9.29,,26.86,185.04,USD,6.888900,2023-02-19 01:27:11,,P
1822880820403636393,2023021922001147641412920066,13.65,94.00,0.00,13.65,0.00,0.00,USD,6.888900,2023-02-19 00:00:18,,P
1823498689366239392,2023021822001119461431710798,32.52,224.00,0.00,32.52,0.00,0.00,USD,6.888900,2023-02-18 21:10:54,,P
1822753416110239392,2023021822001119461431246643,32.52,224.00,0.00,32.52,0.00,0.00,USD,6.888900,2023-02-18 21:09:20,,P
1823512839932239392,2023021822001119461431238459,31.06,214.00,0.00,31.06,0.00,0.00,USD,6.888900,2023-02-18 21:01:10,,P
1823492282024239392,2023021822001119461431888649,36.87,254.00,0.00,36.87,0.00,0.00,USD,6.888900,2023-02-18 21:00:11,,P
3208449134510066637,2023021822001128221418849283,17.27,119.00,,,,,USD,6.888900,2023-02-18 14:05:16,,P
1822090332785904489,2023021822001114551445144810,30.96,213.00,0.00,30.96,0.00,0.00,USD,6.880700,2023-02-18 10:09:31,,P
3208029699857369022,2023021822001159301454901691,36.86,254.00,0.00,36.86,0.00,0.00,USD,6.890400,2023-02-18 09:16:30,,P
3207530881589677127,2023021822001191011410751234,36.86,254.00,0.00,36.86,0.00,0.00,USD,6.890400,2023-02-18 09:15:18,,P
3207531241494677127,2023021822001191011409011527,31.06,214.00,0.00,31.06,0.00,0.00,USD,6.890400,2023-02-18 09:14:57,,P
3208026315973677127,2023021822001191011410948155,32.51,224.00,0.00,32.51,0.00,0.00,USD,6.890400,2023-02-18 09:14:34,,P
3207528973714677127,2023021822001191011412347893,32.51,224.00,0.00,32.51,0.00,0.00,USD,6.890400,2023-02-18 09:14:12,,P
1821954072555415393,2023021822001132311423323605,31.06,214.00,,,,,USD,6.890400,2023-02-18 00:36:27,,P
3207331513078099932,2023021822001112651450535173,17.27,119.00,,,,,USD,6.890400,2023-02-18 00:28:53,,P
1821843984980562980,2023021722001121611427429135,36.14,249.00,,,,,USD,6.890400,2023-02-17 21:42:34,,P
3206063089454517039,2023021722001158651448291190,17.27,119.00,,,,,USD,6.890400,2023-02-17 12:54:25,,P
3206007001460162831,2023021722001106131424932976,36.14,249.00,,,,,USD,6.890400,2023-02-17 12:30:36,,P
1821249084300322890,2023021722001183981402761801,17.34,119.00,,,,,USD,6.864700,2023-02-17 09:22:42,,P
1821845713203685791,2023021622001148631423043145,34.82,239.00,,,,,USD,6.864700,2023-02-16 23:23:41,,P
3204464365377690110,2023021622001149331444643994,17.34,119.00,,,,,USD,6.864700,2023-02-16 16:20:32,,P
1821356149838021872,2023021622001104011458340652,32.63,224.00,0.00,32.63,0.00,0.00,USD,6.864700,2023-02-16 13:36:27,,P
1821226837298228674,2023021622001101531442758802,36.27,249.00,,,,,USD,6.864700,2023-02-16 11:21:43,,P
3203574121434587653,2023021622001174851428803569,36.33,249.00,,,,,USD,6.854200,2023-02-16 08:17:09,,P
3202806204613888224,2023021622001182711426770458,43.62,299.00,,,,,USD,6.854200,2023-02-16 07:28:38,,P
3203702283216820861,2023021522001135131414469895,36.33,249.00,6.01,,30.32,207.82,USD,6.854200,2023-02-15 21:37:26,,P
3202979654907469649,2023021522001174791410070900,12.98,89.00,,,,,USD,6.854200,2023-02-15 17:15:20,,P
3202748606951942030,2023021522001116891402715435,12.98,89.00,,,,,USD,6.854200,2023-02-15 15:07:47,,P
3202232943623632633,2023021522001167301444445628,37.18,254.00,,,,,USD,6.831100,2023-02-15 08:33:13,,P
3200664060780283065,2023021422001140021403053114,33.25,227.10,,,,,USD,6.831100,2023-02-15 07:58:50,,P
3200828040874480753,2023021422001148491435935545,34.99,239.00,9.10,,25.89,176.86,USD,6.831100,2023-02-14 23:34:42,,P
1820136650643954374,2023021422001117191411644265,58.28,398.10,0.00,58.28,0.00,0.00,USD,6.831100,2023-02-14 23:33:49,,P
3200812020234688425,2023021422001180881458215105,34.99,239.00,0.00,34.99,0.00,0.00,USD,6.831100,2023-02-14 23:20:18,,P
3200782068377833715,2023021422001138091416607185,15.96,109.00,,,,,USD,6.831100,2023-02-14 22:59:06,,P
1820057593849096993,2023021422001163331448996828,31.84,217.53,,,,,USD,6.831100,2023-02-14 21:42:21,,P
1820041142089551592,2023021422001101901407859906,14.54,99.33,,,,,USD,6.831100,2023-02-14 21:26:09,,P
3200477508685128206,2023021422001119051427502855,34.99,239.00,0.30,32.79,1.90,12.98,USD,6.831100,2023-02-14 20:13:05,,P
3201518739638973226,2023021422001161661402912484,27.20,185.79,0.00,27.20,0.00,0.00,USD,6.831100,2023-02-14 18:43:52,,P
3199936356880072551,2023021422001161251459306070,31.71,216.64,,,,,USD,6.831100,2023-02-14 15:46:16,,P
3199895316377156119,2023021422001124591411067087,25.65,175.24,,,,,USD,6.831100,2023-02-14 15:24:45,,P
3199838220408589023,2023021422001110081406109794,26.27,179.48,7.82,,18.45,126.03,USD,6.831100,2023-02-14 14:52:20,,P
3200791502357335143,2023021422001100991409304740,15.96,109.00,,,,,USD,6.831100,2023-02-14 14:30:45,,P
3200916675479932317,2023021422001186571414379609,15.96,109.00,,,,,USD,6.831100,2023-02-14 13:36:02,,P
1818828516351076196,2023021422001198391432817257,22.89,156.39,0.00,22.89,0.00,0.00,USD,6.831100,2023-02-14 12:45:35,,P
1819533722745076196,2023021422001198391434569181,24.61,168.10,6.98,,17.63,120.43,USD,6.831100,2023-02-14 12:06:17,,P
3199857229137677127,2023021422001191011453260434,32.73,224.00,0.00,32.73,0.00,0.00,USD,6.844700,2023-02-14 09:23:43,,P
3200096378421434361,2023021422001123321424083900,11.54,79.00,,,,,USD,6.844700,2023-02-14 08:51:54,,P
3199587517352798953,2023021322001129621425408956,22.18,151.84,10.58,,11.60,79.40,USD,6.844700,2023-02-13 23:28:45,,P
3199575025774180955,2023021322001125561451274176,23.80,162.90,,,,,USD,6.844700,2023-02-13 23:20:26,,P
3199438621605251166,2023021322001187881442486566,27.21,186.23,0.00,27.21,0.00,0.00,USD,6.844700,2023-02-13 21:52:49,,P
3198654468444320415,2023021322001191201436950143,34.92,239.00,,,,,USD,6.844700,2023-02-13 21:16:54,,P
3198441960001852149,2023021322001138331436858871,7.65,52.34,,,,,USD,6.844700,2023-02-13 19:26:42,,P
3199277630108688425,2023021322001180881452946948,31.32,214.39,0.00,31.32,0.00,0.00,USD,6.844700,2023-02-13 18:01:45,,P
1818782042975608569,2023021322001178541413170751,26.95,184.49,,,,,USD,6.844700,2023-02-13 14:52:38,,P
3198432673357297455,2023021322001113521413518991,16.16,110.61,,,,,USD,6.844700,2023-02-13 13:05:15,,P
3198881307499168420,2023021322001129671414670401,8.62,59.00,3.46,,5.16,35.32,USD,6.844700,2023-02-13 12:38:36,,P
3197644848288494803,2023021322001131431426195327,31.76,217.40,0.00,31.76,0.00,0.00,USD,6.844700,2023-02-13 12:30:47,,P
3197942713482531966,2023021322001195021448139833,32.81,224.00,0.00,32.81,0.00,0.00,USD,6.826600,2023-02-13 09:31:45,,P
3197898145329980614,2023021322001177061455471319,27.35,186.73,,,,,USD,6.826600,2023-02-13 08:55:09,,P
1817644800575512294,2023021322001153941444164924,21.94,149.77,6.40,,15.54,106.09,USD,6.826600,2023-02-13 02:47:49,,P
3198272223014478517,2023021322001150161401443590,35.01,239.00,9.01,,26.00,177.49,USD,6.826600,2023-02-13 01:03:29,,P
3198192735476075301,2023021222001141991401928676,27.64,188.68,,,,,USD,6.826600,2023-02-12 23:36:28,,P
1818243050331792380,2023021222001146131403465534,31.58,215.57,,,,,USD,6.826600,2023-02-12 21:47:32,,P
3197750078511387732,2023021222001160831406668690,27.04,184.61,0.00,27.04,0.00,0.00,USD,6.826600,2023-02-12 21:27:13,,P
3197379817739065524,2023021222001172231458420358,25.66,175.16,,,,,USD,6.826600,2023-02-12 20:47:05,,P
3197652554751969631,2023021222001164101413416611,57.31,391.20,,,,,USD,6.826600,2023-02-12 20:37:25,,P
3197744319476429560,2023021222001196361409905035,12.65,86.39,3.15,,9.50,64.85,USD,6.826600,2023-02-12 19:30:34,,P
1817973121199007266,2023021222001198741454000729,7.64,52.17,3.20,,4.44,30.31,USD,6.826600,2023-02-12 17:04:22,,P
3197027414905561108,2023021222001180431422308457,6.61,45.10,0.00,6.61,0.00,0.00,USD,6.826600,2023-02-12 15:59:54,,P
3196472329874767112,2023021222001198481409895113,60.05,409.95,13.36,,46.69,318.73,USD,6.826600,2023-02-12 13:55:10,,P
3196652474134297455,2023021222001113521409541835,4.71,32.12,0.00,4.71,0.00,0.00,USD,6.826600,2023-02-12 13:07:16,,P
3196471430467916042,2023021222001139861431859029,31.87,217.54,8.64,,23.23,158.58,USD,6.826600,2023-02-12 11:55:24,,P
3196269398213649157,2023021222001100241453735173,20.29,138.50,0.00,20.29,0.00,0.00,USD,6.826600,2023-02-12 10:42:42,,P
1817558617398673595,2023021222001120501423199145,28.12,191.97,,,,,USD,6.826600,2023-02-12 10:30:53,,P
3195831997913858314,2023021222001128611459725724,32.21,219.91,,,,,USD,6.826600,2023-02-12 09:17:30,,P
3195943526258641812,2023021222001112291432393005,11.57,79.00,,,,,USD,6.826600,2023-02-12 01:13:40,,P
3196135731011297455,2023021222001113521404843302,5.71,39.00,0.00,5.71,0.00,0.00,USD,6.826600,2023-02-12 00:09:14,,P
1817364039273390490,2023021122001130311456245221,24.00,163.85,6.81,,17.19,117.35,USD,6.826600,2023-02-11 23:17:20,,P
3195532369842798212,2023021122001137121456760810,14.31,97.67,0.00,14.31,0.00,0.00,USD,6.826600,2023-02-11 23:09:11,,P
1817324185742757295,2023021122001139401420942602,29.77,203.23,,,,,USD,6.826600,2023-02-11 22:25:47,,P
3195452595528830844,2023021122001110211449230374,32.26,220.23,8.54,,23.72,161.93,USD,6.826600,2023-02-11 17:57:13,,P
3195212619924856845,2023021122001196181450623832,28.56,194.95,,,,,USD,6.826600,2023-02-11 16:12:04,,P
1816982114127282076,2023021122001101591457577179,27.91,190.54,8.19,,19.72,134.62,USD,6.826600,2023-02-11 16:06:56,,P
1816977109851499099,2023021122001170881444264806,31.66,216.10,0.00,31.66,0.00,0.00,USD,6.826600,2023-02-11 16:06:10,,P
3194368633297286015,2023021122001102571407089542,35.01,239.00,9.37,,25.64,175.03,USD,6.826600,2023-02-11 13:34:53,,P
3194585858404659544,2023021122001118161456226533,31.61,215.76,,,,,USD,6.826600,2023-02-11 12:57:14,,P
3193062588142116726,2023021122001173501422426201,27.18,185.57,,,,,USD,6.826600,2023-02-11 11:45:45,,P
3193915034541788637,2023021122001187071457355913,35.07,239.00,9.39,,25.68,175.00,USD,6.814500,2023-02-11 01:08:45,,P
1816494889548264988,2023021122001122231455429059,32.15,219.10,0.00,32.15,0.00,0.00,USD,6.814500,2023-02-11 01:03:11,,P
3193585201495063802,2023021122001120481404416118,14.25,97.10,0.00,14.25,0.00,0.00,USD,6.814500,2023-02-11 00:10:22,,P
3193921335347031719,2023021022001107561437320307,25.80,175.79,,,,,USD,6.814500,2023-02-10 21:59:04,,P
1815593952670232384,2023021022001143991400108257,14.92,101.66,6.31,,8.61,58.67,USD,6.814500,2023-02-10 20:57:49,,P
3193263577090978463,2023021022001120501419101796,16.00,109.00,,,,,USD,6.814500,2023-02-10 20:48:28,,P
3193463198430843474,2023021022001185471418156728,31.74,216.27,8.66,,23.08,157.28,USD,6.814500,2023-02-10 20:07:13,,P
3193075369094921729,2023021022001104121451130365,31.50,214.65,8.38,,23.12,157.55,USD,6.814500,2023-02-10 19:38:06,,P
3192414446908349564,2023021022001165301424875191,14.30,97.30,4.49,,9.81,66.76,USD,6.805100,2023-02-10 13:50:31,,P
1816242603885636393,2023021022001147641437311967,13.81,94.00,0.00,13.81,0.00,0.00,USD,6.805100,2023-02-10 13:28:51,,P
1816236807431242593,2023021022001145771441165432,27.30,185.79,,,,,USD,6.805100,2023-02-10 13:21:49,,P
1816204081900857474,2023021022001173801434654064,27.05,184.08,11.25,,15.80,107.52,USD,6.805100,2023-02-10 12:44:16,,P
3191179104031212229,2023021022001127251438044970,13.81,94.00,0.00,13.81,0.00,0.00,USD,6.805100,2023-02-10 11:56:52,,P
3192054158921615357,2023021022001149901438011536,31.68,215.56,14.58,,17.10,116.37,USD,6.805100,2023-02-10 11:10:09,,P
1815983943927464099,2023021022001169951452383345,16.02,109.00,6.66,,9.36,63.68,USD,6.803600,2023-02-10 09:10:20,,P
3190805172514632227,2023021022001162941435199364,35.13,239.00,9.41,,25.72,174.99,USD,6.803600,2023-02-10 09:07:30,,P
3191892303220108824,2023021022001187251440427102,20.52,139.61,,,,,USD,6.803600,2023-02-10 00:58:25,,P
1815535309760765299,2023020922001142471415685000,35.13,239.00,9.32,,25.81,175.60,USD,6.803600,2023-02-09 17:12:04,,P
3190954611133797057,2023020922001160121444421605,55.97,380.79,22.59,,33.38,227.10,USD,6.803600,2023-02-09 15:43:26,,P
3190305962404876860,2023020922001116801424636869,35.13,239.00,,,,,USD,6.803600,2023-02-09 12:12:39,,P
1815266389412551284,2023020922001155331419436781,35.13,239.00,,,,,USD,6.803600,2023-02-09 12:12:16,,P
3189724130399757246,2023020922001145941426204824,10.14,69.00,2.75,,7.39,50.28,USD,6.804100,2023-02-09 01:09:09,,P
3188457288080904532,2023020822001148291417046745,35.18,239.00,9.33,,25.85,175.62,USD,6.794000,2023-02-08 21:27:01,,P
1808051592120532995,2023020322001144871425324141,-4.68,-31.64,-0.21,,-4.47,-30.21,USD,6.757400,2023-02-08 14:56:34,,R
1813746936039365576,2023020822001164431402017404,90.50,614.88,33.71,,56.79,385.83,USD,6.794000,2023-02-08 14:08:40,,P
1814174293180677127,2023020822001191011431241483,31.81,216.10,0.00,31.81,0.00,0.00,USD,6.794000,2023-02-08 11:37:01,,P
1814164647182677127,2023020822001191011431706669,30.63,208.10,0.00,30.63,0.00,0.00,USD,6.794000,2023-02-08 11:35:21,,P
1814162883201677127,2023020822001191011429269734,32.97,224.00,0.00,32.97,0.00,0.00,USD,6.794000,2023-02-08 11:34:37,,P
3188420246077635521,2023020822001105971436650081,31.82,216.10,0.00,31.82,0.00,0.00,USD,6.791500,2023-02-08 09:22:25,,P
3188673435274635521,2023020822001105971435508355,30.64,208.10,0.00,30.64,0.00,0.00,USD,6.791500,2023-02-08 09:21:09,,P
3188670267397635521,2023020822001105971438649249,32.98,224.00,0.00,32.98,0.00,0.00,USD,6.791500,2023-02-08 09:19:39,,P
1813740853564477892,2023020822001129491408738954,38.17,259.20,0.00,38.17,0.00,0.00,USD,6.791500,2023-02-08 08:37:38,,P
1813665433102660895,2023020822001126311431370628,16.05,109.00,,,,,USD,6.791500,2023-02-08 00:19:25,,P
1813409113332454936,2023020722001139851444129938,16.05,109.00,,,,,USD,6.791500,2023-02-07 20:06:28,,P
1812891183707908062,2023020722001140291414576794,12.82,87.10,0.00,12.82,0.00,0.00,USD,6.791500,2023-02-07 17:00:00,,P
1812066852975477161,2023020722001157751407179359,30.20,205.10,12.05,,18.15,123.27,USD,6.791500,2023-02-07 16:18:11,,P
1812700202315384760,2023020722001184611451948840,25.42,172.66,8.40,,17.02,115.59,USD,6.791500,2023-02-07 15:35:29,,P
1812350571984659544,2023020722001118161440669364,50.77,344.79,,,,,USD,6.791500,2023-02-07 13:19:38,,P
1812162507921964175,2023020722001101411453115221,26.22,178.10,7.22,,19.00,129.04,USD,6.791500,2023-02-07 12:03:36,,P
3187380710952206059,2023020722001188871434032041,13.08,89.00,4.82,,8.26,56.22,USD,6.806100,2023-02-07 00:01:24,,P
1810785900685911376,2023020622001112451427113276,35.12,239.00,9.27,,25.85,175.94,USD,6.806100,2023-02-06 20:37:12,,P
1810781292936631494,2023020622001154121437121264,24.24,165.00,,,,,USD,6.806100,2023-02-06 20:32:38,,P
3185235792807336206,2023020622001134771427347006,16.02,109.00,6.23,,9.79,66.63,USD,6.806100,2023-02-06 13:28:06,,P
3185985637095947851,2023020622001199231427736143,31.46,214.10,5.63,,25.83,175.80,USD,6.806100,2023-02-06 13:24:07,,P
1811001687960974090,2023020622001195351428503100,52.76,359.10,,,,,USD,6.806100,2023-02-06 11:20:33,,P
3186147279442631823,2023020622001193631436975486,31.46,214.10,8.50,,22.96,156.27,USD,6.806100,2023-02-06 10:42:18,,P
1810776542824638681,2023020522001169711445036098,26.59,181.11,5.98,,20.61,140.39,USD,6.811600,2023-02-05 22:53:11,,P
1809982704004832796,2023020522001168321440711923,58.00,395.09,0.00,58.00,0.00,0.00,USD,6.811600,2023-02-05 21:19:10,,P
3185009894691373927,2023020522001101601454211899,14.26,97.10,,,,,USD,6.811600,2023-02-05 18:06:05,,P
3183564348001101625,2023020522001100951439375936,27.04,184.20,13.70,,13.34,90.87,USD,6.811600,2023-02-05 14:24:26,,P
3184447142173025839,2023020522001138601441632694,31.12,212.00,5.59,,25.53,173.90,USD,6.811600,2023-02-05 13:15:04,,P
3183299964059875129,2023020522001183741429068841,35.09,239.00,9.09,,26.00,177.10,USD,6.811600,2023-02-05 12:09:54,,P
1809414876226371993,2023020522001126771426622965,29.21,199.00,8.82,,20.39,138.89,USD,6.811600,2023-02-05 09:56:13,,P
1810001642670671186,2023020422001188381441017967,29.98,204.20,,,,,USD,6.811600,2023-02-04 23:24:40,,P
3183369013246488744,2023020422001194601449658125,16.00,109.00,,,,,USD,6.811600,2023-02-04 22:19:25,,P
3183294349179840324,2023020422001186421440411375,23.90,162.78,4.87,,19.03,129.62,USD,6.811600,2023-02-04 21:33:56,,P
3183269581490486308,2023020422001112521442750738,30.11,205.10,,,,,USD,6.811600,2023-02-04 21:20:04,,P
3181977540967128520,2023020422001169391401781912,30.11,205.10,10.81,,19.30,131.46,USD,6.811600,2023-02-04 16:53:06,,P
3182617945496913927,2023020422001115931425962354,16.00,109.00,,,,,USD,6.811600,2023-02-04 15:51:03,,P
3181854996045222357,2023020422001189931423117915,33.62,229.00,,,,,USD,6.811600,2023-02-04 15:50:26,,P
3182724290131196609,2023020422001105401451754135,30.11,205.10,,,,,USD,6.811600,2023-02-04 14:33:40,,P
3181539925746069039,2023020322001145891419587786,35.35,239.00,6.15,,29.20,197.42,USD,6.760900,2023-02-03 23:21:57,,P
1808288904832133385,2023020322001158851434937094,56.32,380.79,22.49,,33.83,228.72,USD,6.760900,2023-02-03 20:37:04,,P
1808051592119532995,2023020322001144871425324141,57.55,388.89,9.74,,47.81,323.07,USD,6.757400,2023-02-03 15:55:32,,P
3179959920781489743,2023020322001192911425148380,56.04,378.69,9.32,,46.72,315.71,USD,6.757400,2023-02-03 15:44:12,,P
1808694805882414893,2023020322001119971419369321,55.15,372.69,14.75,,40.40,273.00,USD,6.757400,2023-02-03 14:36:31,,P
1808677309646532995,2023020322001144871425343805,57.55,388.89,0.00,57.55,0.00,0.00,USD,6.757400,2023-02-03 14:14:48,,P
3180487790887101247,2023020322001196571427932194,14.37,97.10,,,,,USD,6.757400,2023-02-03 11:37:46,,P
3180453266703179002,2023020322001160271401546110,30.22,204.20,8.62,,21.60,145.96,USD,6.757400,2023-02-03 11:24:53,2023-02-06 16:05:03,P
1808448639350693874,2023020322001157721414501366,30.35,205.10,10.89,,19.46,131.50,USD,6.757400,2023-02-03 10:39:05,,P
3179930150211595266,2023020222001171771420078653,55.66,374.58,11.76,,43.90,295.46,USD,6.730300,2023-02-02 23:12:28,,P
3179662057435282609,2023020222001199481424072196,33.15,223.10,,,,,USD,6.730300,2023-02-02 23:04:03,,P
3179502217672289061,2023020222001108961402187479,35.51,239.00,6.17,,29.34,197.47,USD,6.730300,2023-02-02 21:32:55,,P
3179742554511289152,2023020222001144911423486631,28.99,195.10,13.24,,15.75,106.00,USD,6.730300,2023-02-02 21:11:28,,P
3179427517438220448,2023020222001152551411384389,54.45,366.48,,,,,USD,6.730300,2023-02-02 20:39:32,,P
3179667854962220448,2023020222001152551410553146,55.66,374.58,0.00,55.66,0.00,0.00,USD,6.730300,2023-02-02 20:32:04,,P
3179391481193856006,2023020222001139471443861186,11.74,79.00,2.75,,8.99,60.51,USD,6.730300,2023-02-02 20:20:31,,P
3178590192983764266,2023020222001184301453312758,26.46,178.10,,,,,USD,6.730300,2023-02-02 20:00:25,,P
3178989613832764266,2023020222001184301454433580,26.46,178.10,0.00,26.46,0.00,0.00,USD,6.730300,2023-02-02 16:59:20,,P
3179291259826864714,2023020222001118761412896540,32.11,216.10,8.71,,23.40,157.49,USD,6.730300,2023-02-02 14:55:05,,P
1807846718235736067,2023020222001195891410879324,35.51,239.00,9.19,,26.32,177.14,USD,6.730300,2023-02-02 14:31:22,,P
3178597646178704812,2023020222001122081419301486,16.20,109.00,5.24,,10.96,73.76,USD,6.730300,2023-02-02 11:25:54,2023-02-06 16:05:03,P
3177518040393258805,2023020222001143731442246036,26.46,178.10,4.87,,21.59,145.31,USD,6.730300,2023-02-02 11:08:21,,P
3177461700166174428,2023020222001171911414966495,59.91,403.20,10.05,,49.86,335.57,USD,6.730300,2023-02-02 10:49:08,2023-02-06 16:05:03,P
1807457846019111971,2023020222001189771411828705,0.29,1.99,0.01,,0.28,1.89,USD,6.764039,2023-02-02 01:42:01,,P
3177772633622956920,2023020122001196381430248873,16.11,109.00,6.49,,9.62,65.07,USD,6.764039,2023-02-01 23:07:02,,P
3177015912042311763,2023020122001112351417694744,35.33,239.00,0.00,35.33,0.00,0.00,USD,6.764039,2023-02-01 23:01:30,,P
3176821836743648139,2023020122001142071416829609,24.85,168.10,6.92,,17.93,121.28,USD,6.764039,2023-02-01 21:02:12,2023-02-06 16:05:03,P
3177652970557970057,2023020122001150371444965361,56.30,380.79,18.57,,37.73,255.21,USD,6.764039,2023-02-01 19:11:04,2023-02-06 16:05:03,P
3177426566254065638,2023020122001171661409838824,28.84,195.10,15.47,,13.37,90.44,USD,6.764039,2023-02-01 17:17:19,,P
3176320068299579307,2023020122001154541427070927,10.20,69.00,2.88,,7.32,49.51,USD,6.764039,2023-02-01 16:45:37,,P
3177626259376054333,2023020122001147141410338695,0.29,1.99,0.01,,0.28,1.89,USD,6.764039,2023-02-01 16:38:14,,P
3176103132019762139,2023020122001139991409298808,0.29,1.99,0.01,,0.28,1.89,USD,6.764039,2023-02-01 14:51:40,2023-02-06 16:05:03,P
3176768953505808124,2023020122001141861458394288,0.29,1.99,0.01,,0.28,1.89,USD,6.764039,2023-02-01 14:00:24,,P
1806202380037532995,2023020122001144871420555228,57.49,388.89,0.00,57.49,0.00,0.00,USD,6.764039,2023-02-01 13:39:08,,P
3177281775118867233,2023020122001124971420723857,0.29,1.99,0.01,,0.28,1.89,USD,6.764039,2023-02-01 13:33:11,,P
1806146400955638979,2023020122001192541426250124,55.10,372.69,14.96,,40.14,271.51,USD,6.764039,2023-02-01 12:38:43,,P
3177118731512048420,2023020122001143871414341627,0.29,1.99,0.01,,0.28,1.89,USD,6.764039,2023-02-01 12:13:20,,P
3176850134012029554,2023020122001132231414306062,0.29,1.99,0.01,,0.28,1.89,USD,6.764039,2023-02-01 12:12:19,,P
1806825291767902580,2023020122001174151442884954,11.68,79.00,2.95,,8.73,59.05,USD,6.764039,2023-02-01 12:00:36,,P
3176773166120332003,2023020122001186451456829866,0.29,1.99,0.01,,0.28,1.89,USD,6.764039,2023-02-01 11:40:23,,P
3176662322455299219,2023020122001158621408739322,57.77,390.78,9.76,,48.01,324.74,USD,6.764039,2023-02-01 11:03:58,2023-02-06 16:05:03,P
3176635538810698013,2023020122001133751451247996,30.32,205.10,10.88,,19.44,131.49,USD,6.764039,2023-02-01 10:56:05,,P
3175543692197888349,2023020122001144271452924907,56.30,380.79,12.26,,44.04,297.89,USD,6.764039,2023-02-01 10:40:46,,P
1805931192759744277,2023020122001183581404112000,0.29,1.99,0.01,,0.28,1.90,USD,6.770529,2023-02-01 09:04:35,,P
1806649825330744277,2023020122001183581406584824,0.29,1.99,0.01,,0.28,1.90,USD,6.770529,2023-02-01 09:03:25,,P
3176130421851273325,2023020122001189051429779711,0.29,1.99,0.01,,0.28,1.90,USD,6.770529,2023-02-01 08:44:46,,P
3175344036047815822,2023020122001197781410557869,0.29,1.99,0.01,,0.28,1.90,USD,6.770529,2023-02-01 08:32:31,,P
3175329276596458133,2023020122001160191430445330,0.29,1.99,0.01,,0.28,1.90,USD,6.770529,2023-02-01 08:17:30,,P
3176069761174964015,2023020122001155081408203560,0.29,1.99,0.01,,0.28,1.90,USD,6.770529,2023-02-01 07:21:04,,P
1806594927994171989,2023020122001144411406523697,0.29,1.99,0.01,,0.28,1.90,USD,6.770529,2023-02-01 06:44:06,,P
3175229376981111403,2023020122001151691432790108,0.29,1.99,0.01,,0.28,1.90,USD,6.770529,2023-02-01 01:23:05,,P
1806585854194741673,2023020122001148591419620233,0.29,1.99,0.01,,0.28,1.90,USD,6.770529,2023-02-01 01:09:44,,P
3175993549208442624,2023020122001148081410047198,0.29,1.99,0.01,,0.28,1.90,USD,6.770529,2023-02-01 00:45:47,,P
3175206804271007262,2023020122001185971409688596,0.29,1.99,0.01,,0.28,1.90,USD,6.770529,2023-02-01 00:31:31,,P
3175983901258646012,2023020122001130271443663801,0.29,1.99,0.01,,0.28,1.90,USD,6.770529,2023-02-01 00:30:39,,P
3176253362212646012,2023020122001130271442658321,0.29,1.99,0.01,,0.28,1.90,USD,6.770529,2023-02-01 00:29:15,,P
3175205400220007262,2023020122001185971409621420,0.29,1.99,0.01,,0.28,1.90,USD,6.770529,2023-02-01 00:28:49,,P
3176517999432675321,2023020122001114501440153897,30.29,205.10,11.09,,19.20,129.99,USD,6.770529,2023-02-01 00:12:48,,P
1806559213711932893,2023020122001171741408617667,0.29,1.99,0.01,,0.28,1.90,USD,6.770529,2023-02-01 00:10:53,2023-02-06 16:05:03,P
3175187976538563906,2023020122001174451401120159,0.29,1.99,0.01,,0.28,1.90,USD,6.770529,2023-02-01 00:08:28,2023-02-06 16:05:03,P
3175187076808734506,2023020122001138801450387995,0.29,1.99,0.01,,0.28,1.90,USD,6.770529,2023-02-01 00:07:53,,P
3175964389346052206,2023020122001172181415659857,0.29,1.99,0.01,,0.28,1.90,USD,6.770529,2023-02-01 00:06:37,,P
3175964785267490701,2023020122001137431431750550,0.29,1.99,0.01,,0.28,1.90,USD,6.770529,2023-02-01 00:05:34,,P
3176509827864810016,2023020122001108221404757806,0.29,1.99,0.01,,0.28,1.90,USD,6.770529,2023-02-01 00:04:37,,P
3175962913215490701,2023020122001137431433545785,0.29,1.99,0.01,,0.28,1.90,USD,6.770529,2023-02-01 00:03:42,,P
3176229998835563311,2023020122001126961452155424,0.29,1.99,0.01,,0.28,1.90,USD,6.770529,2023-02-01 00:02:40,,P
3176509827287226318,2023020122001105351408537289,0.29,1.99,0.01,,0.28,1.90,USD,6.770529,2023-02-01 00:02:21,,P
3176230106440862121,2023020122001196031457945229,0.29,1.99,0.01,,0.28,1.90,USD,6.770529,2023-02-01 00:01:43,2023-02-06 16:05:03,P
3175182252623996222,2023020122001186911411011514,0.29,1.99,0.01,,0.28,1.90,USD,6.770529,2023-02-01 00:01:25,2023-02-06 16:05:03,P
1806338607169446494,2023013122001178781405156991,57.72,390.78,12.47,,45.25,306.37,USD,6.770529,2023-01-31 19:04:56,,P
1806276973245305677,2023013122001131811405170626,42.27,286.20,11.70,,30.57,206.98,USD,6.770529,2023-01-31 17:45:49,,P
3174457572133872832,2023013122001188471436987011,59.55,403.20,10.00,,49.55,335.48,USD,6.770529,2023-01-31 16:43:00,,P
3174361524241448056,2023013122001145561457636430,16.10,109.00,6.48,,9.62,65.13,USD,6.770529,2023-01-31 15:49:35,2023-02-06 16:05:03,P
1806162855216397371,2023013122001195581456101496,30.29,205.10,11.09,,19.20,129.99,USD,6.770529,2023-01-31 15:29:05,,P
1806080234692063988,2023013122001121231407530305,30.29,205.10,12.08,,18.21,123.29,USD,6.770529,2023-01-31 13:54:59,2023-02-06 16:05:03,P
1806013815364048576,2023013122001141801450721869,35.30,239.00,9.36,,25.94,175.63,USD,6.770529,2023-01-31 12:23:41,,P
1805926838044359780,2023013122001138301440527673,53.57,362.69,16.89,,36.68,248.34,USD,6.770529,2023-01-31 10:50:47,2023-02-06 16:05:03,P
1783738958389415347,2022122922001148101457045374,-2.14,-15.00,-0.29,,-1.85,-12.94,USD,6.995000,2023-01-31 10:41:59,2023-02-06 16:05:03,R
1805840401765822979,2023013122001123841452544107,59.86,405.09,12.74,,47.12,318.86,USD,6.767000,2023-01-31 09:26:07,,P
3173521896179610151,2023013122001127231408248422,32.36,219.00,5.77,,26.59,179.93,USD,6.767000,2023-01-31 07:41:51,2023-02-06 16:05:03,P
1805071980929812168,2023013122001183121409879887,34.19,231.39,8.30,,25.89,175.20,USD,6.767000,2023-01-31 06:54:11,2023-02-06 16:05:03,P
3172782744301117864,2023013022001193511436225357,24.38,165.00,8.18,,16.20,109.63,USD,6.767000,2023-01-31 00:29:44,,P
3174493610773411058,2023013122001101381426007364,59.86,405.09,15.44,,44.42,300.59,USD,6.767000,2023-01-31 00:24:13,2023-02-06 16:05:03,P
1805489906875094174,2023013022001131911406244750,35.32,239.00,,,,,USD,6.767000,2023-01-30 17:47:12,,P
3173594977699693428,2023013022001192701416892630,56.01,379.00,15.67,,40.34,272.98,USD,6.767000,2023-01-30 17:33:37,,P
1804702116771072799,2023013022001171001419079408,36.20,244.98,0.00,36.20,0.00,0.00,USD,6.767000,2023-01-30 16:41:23,,P
1804672344384328677,2023013022001181351403114178,11.39,77.10,3.51,,7.88,53.32,USD,6.767000,2023-01-30 16:02:47,,P
1805347057375812168,2023013022001183121405035657,34.19,231.39,0.00,34.19,0.00,0.00,USD,6.767000,2023-01-30 15:07:16,,P
3173760363611411058,2023013022001101381423318958,59.86,405.09,0.00,59.86,0.00,0.00,USD,6.767000,2023-01-30 13:59:06,,P
1805235387818094467,2023013022001123431430605924,16.11,109.00,6.19,,9.92,67.13,USD,6.767000,2023-01-30 12:45:54,,P
1804518912735147993,2023013022001116611414294678,16.11,109.00,0.00,16.11,0.00,0.00,USD,6.767000,2023-01-30 12:41:29,,P
3173349638614610151,2023013022001127231406529095,32.36,219.00,0.00,32.36,0.00,0.00,USD,6.767000,2023-01-30 12:31:44,,P
1804385532951359780,2023013022001138301437027276,53.60,362.69,0.00,53.60,0.00,0.00,USD,6.767000,2023-01-30 10:37:17,,P
3171824424314861666,2023013022001105691417360180,32.79,223.10,8.67,,24.12,164.09,USD,6.802900,2023-01-30 08:07:26,2023-02-06 16:05:03,P
1804933671901057892,2023012922001105171414048922,31.77,216.10,8.71,,23.06,156.87,USD,6.802900,2023-01-29 23:12:21,,P
3172144394327387848,2023012922001159301438410939,57.17,388.89,11.91,,45.26,307.90,USD,6.802900,2023-01-29 17:03:19,2023-02-06 16:05:03,P
3171477205579384202,2023012922001106761457232353,59.55,405.09,,,,,USD,6.802900,2023-01-29 13:10:04,,P
3170615508242162120,2023012922001130051428380933,24.25,165.00,7.05,,17.20,117.01,USD,6.802900,2023-01-29 12:34:23,2023-02-06 16:05:03,P
1804382330513474093,2023012922001184131414885207,26.87,182.78,4.76,,22.11,150.41,USD,6.802900,2023-01-29 10:55:30,2023-02-06 16:05:03,P
1804358461124633673,2023012922001168681448008886,35.13,239.00,,,,,USD,6.802900,2023-01-29 10:46:37,,P
3170257632921708327,2023012922001185851409805318,25.40,172.78,,,,,USD,6.802900,2023-01-29 09:35:46,,P
3171007801395216206,2023012922001133661454110171,16.02,109.00,0.00,16.02,0.00,0.00,USD,6.802900,2023-01-29 08:53:07,,P
3170958517879158518,2023012922001166241400192280,35.13,239.00,,,,,USD,6.802900,2023-01-29 07:42:45,,P
1803485712046921690,2023012822001131411419827855,54.58,371.33,14.19,,40.39,274.77,USD,6.802900,2023-01-28 23:29:32,2023-02-06 16:05:03,P
1804140627010174868,2023012822001111601420297873,30.79,209.44,8.74,,22.05,150.00,USD,6.802900,2023-01-28 21:57:36,2023-02-06 16:05:03,P
1803926569458648576,2023012822001136351453987980,37.11,252.44,0.00,37.11,0.00,0.00,USD,6.802900,2023-01-28 16:55:04,,P
3170232901946823029,2023012822001130211454325707,38.93,264.85,0.00,38.93,0.00,0.00,USD,6.802900,2023-01-28 16:44:55,,P
3169704781590799047,2023012822001161511431050747,13.08,89.00,,,,,USD,6.802900,2023-01-28 11:23:42,,P
1802619192407485869,2023012722001175841432526014,24.25,165.00,,,,,USD,6.802900,2023-01-27 18:11:17,,P
3168800533257896064,2023012722001145791450501108,31.62,215.10,,,,,USD,6.802900,2023-01-27 16:48:32,,P
3169294419435715820,2023012722001150501424293975,32.94,224.10,,,,,USD,6.802900,2023-01-27 16:23:39,,P
1803261471883765679,2023012722001153471425232229,54.58,371.33,0.00,54.58,0.00,0.00,USD,6.802900,2023-01-27 16:15:29,,P
3167932320121847407,2023012722001162141455620125,20.09,136.64,4.41,,15.68,106.67,USD,6.802900,2023-01-27 16:05:33,2023-02-06 16:05:03,P
1802506764720908382,2023012722001140251448892739,54.58,371.33,9.60,,44.98,305.99,USD,6.802900,2023-01-27 15:07:17,2023-02-06 16:05:03,P
3168904466596088324,2023012722001194771452575304,17.49,119.00,,,,,USD,6.802900,2023-01-27 14:54:18,,P
3167410572028550708,2023012722001180581448563794,53.69,365.26,9.04,,44.65,303.75,USD,6.802900,2023-01-27 09:45:38,2023-02-06 16:05:03,P
1803034526814012098,2023012722001106311453516413,57.80,393.24,15.25,,42.55,289.46,USD,6.802900,2023-01-27 08:29:48,2023-02-06 16:05:03,P
1803019478230503567,2023012722001124501422099627,57.80,393.24,,,,,USD,6.802900,2023-01-27 06:46:03,,P
3168285518092387048,2023012622001183671410024018,13.08,89.00,0.00,13.08,0.00,0.00,USD,6.802900,2023-01-26 23:02:38,,P
1802913783765880998,2023012622001173211449739651,55.75,379.25,0.00,55.75,0.00,0.00,USD,6.802900,2023-01-26 21:40:04,,P
3167133696357354223,2023012622001115591455238942,55.75,379.25,0.00,55.75,0.00,0.00,USD,6.802900,2023-01-26 21:36:52,,P
3167624737413059515,2023012622001172881438242652,36.60,249.00,,,,,USD,6.802900,2023-01-26 16:59:21,,P
3167905611045618413,2023012622001190381409488625,53.42,363.41,,,,,USD,6.802900,2023-01-26 13:29:18,,P
1801648596185418394,2023012522001187771445536661,20.69,140.74,5.31,,15.38,104.63,USD,6.802900,2023-01-26 13:17:14,,P
3167217902418611810,2023012522001125111455514725,23.03,156.64,,,,,USD,6.802900,2023-01-25 23:10:23,,P
1802402906704852674,2023012522001199831443441678,31.62,215.10,,,,,USD,6.802900,2023-01-25 19:10:41,,P
3165911532704321832,2023012522001136831445901139,36.60,249.00,9.89,,26.71,181.71,USD,6.802900,2023-01-25 18:53:01,2023-02-06 16:05:03,P
3165882372804896621,2023012522001126841426719758,34.26,233.10,8.93,,25.33,172.32,USD,6.802900,2023-01-25 18:25:56,2023-02-06 16:05:03,P
3166649425625694107,2023012522001119941424650328,23.30,158.50,,,,,USD,6.802900,2023-01-25 17:35:59,,P
1802219055810222171,2023012522001199281421408897,17.49,119.00,6.94,,10.55,71.77,USD,6.802900,2023-01-25 12:14:05,2023-02-06 16:05:03,P
3166198777458276702,2023012522001180991449410739,55.75,379.25,12.20,,43.55,296.27,USD,6.802900,2023-01-25 10:33:59,2023-02-06 16:05:03,P
3166540419726504544,2023012422001177231437250690,36.60,249.00,,,,,USD,6.802900,2023-01-24 23:25:30,,P
3166151043701775757,2023012422001131181448573317,42.94,292.13,10.63,,32.31,219.80,USD,6.802900,2023-01-24 15:56:21,2023-02-06 16:05:03,P
3165605965502366630,2023012422001190051407333264,30.30,206.10,,,,,USD,6.802900,2023-01-24 15:26:51,,P
3165374377331104836,2023012422001183451424984923,36.60,249.00,9.59,,27.01,183.75,USD,6.802900,2023-01-24 11:20:25,2023-02-06 16:05:03,P
3164362704335793456,2023012422001109071439912942,53.42,363.41,,,,,USD,6.802900,2023-01-24 00:02:35,,P
3165701439715342421,2023012322001109051456753906,36.60,249.00,,,,,USD,6.802900,2023-01-23 23:43:25,,P
3165551031694385958,2023012322001199811423905438,33.22,226.00,,,,,USD,6.802900,2023-01-23 19:38:25,,P
1801666418291392675,2023012322001168611444829696,54.28,369.23,9.57,,44.71,304.16,USD,6.802900,2023-01-23 18:37:01,2023-02-06 16:05:03,P
1800894900293581370,2023012322001119401405318716,27.82,189.26,5.38,,22.44,152.66,USD,6.802900,2023-01-23 16:30:15,2023-02-06 16:05:03,P
1801606549866640493,2023012322001160971443706287,54.58,371.33,14.41,,40.17,273.27,USD,6.802900,2023-01-23 16:14:31,2023-02-06 16:05:03,P
3165364371837624438,2023012322001146491410197781,51.74,351.97,0.00,51.74,0.00,0.00,USD,6.802900,2023-01-23 15:56:52,,P
3165000482167350223,2023012322001144981432606806,31.77,216.10,,,,,USD,6.802900,2023-01-23 14:00:53,,P
1801579766082545898,2023012322001145541450546992,50.07,340.62,14.47,,35.60,242.18,USD,6.802900,2023-01-23 13:47:39,2023-02-06 16:05:03,P
3163880700024327646,2023012322001125521446967665,51.47,350.12,9.20,,42.27,287.56,USD,6.802900,2023-01-23 13:16:52,2023-02-06 16:05:03,P
3163780404139550533,2023012322001145411402580484,53.03,360.77,,,,,USD,6.802900,2023-01-23 11:08:24,,P
3165031947452215429,2023012322001197821416681946,30.79,209.44,9.01,,21.78,148.17,USD,6.802900,2023-01-23 08:18:35,,P
3163170024369778328,2023012222001119831428879664,36.60,249.00,,2.94,,,USD,6.802900,2023-01-22 12:22:01,,P
1800456780690038489,2023012122001127331401987488,36.60,249.00,,,,,USD,6.802900,2023-01-21 20:39:26,,P
3164218095510451714,2023012122001182021419509530,13.08,89.00,,,,,USD,6.802900,2023-01-21 16:49:21,,P
3162374352932289206,2023012122001128231421238451,36.60,249.01,11.56,,25.04,170.34,USD,6.802900,2023-01-21 01:13:33,2023-02-06 16:05:03,P
3163334438479155636,2023012022001100221431111390,24.26,165.00,7.10,,17.16,116.69,USD,6.800000,2023-01-20 21:11:03,2023-02-06 16:05:03,P
3162005676667210312,2023012022001141891430686419,55.24,375.64,19.14,,36.10,245.48,USD,6.800000,2023-01-20 17:29:17,2023-02-06 16:05:03,P
1800765805915649582,2023012022001140321447779686,76.89,522.87,23.59,,53.30,362.44,USD,6.800000,2023-01-20 11:08:16,2023-02-06 16:05:03,P
3162416403159952755,2023011922001113011418318639,36.65,249.00,0.00,36.65,0.00,0.00,USD,6.794501,2023-01-19 19:56:29,,P
1784011009175609267,2022122922001196101458694330,-7.16,-50.10,-0.31,,-6.85,-47.92,USD,6.995000,2023-01-19 17:16:46,2023-02-06 16:05:03,R
1800531194493686281,2023011922001149441429719457,55.82,379.25,12.21,,43.61,296.31,USD,6.794501,2023-01-19 17:03:35,2023-02-06 16:05:03,P
3161788346395596642,2023011922001118231423330351,31.66,215.10,,,,,USD,6.794501,2023-01-19 15:15:27,,P
3161917695506661743,2023011922001142021412890450,34.74,236.02,,,,,USD,6.794501,2023-01-19 13:23:18,,P
3161887851077440007,2023011922001148421432332102,33.26,226.00,,,,,USD,6.794501,2023-01-19 12:56:24,,P
3118765716895982617,2022122722001116701445127274,-10.82,-75.41,-1.33,,-9.49,-66.13,USD,6.968900,2023-01-19 09:37:30,2023-02-06 16:05:03,R
3161355374023949523,2023011922001108371400519243,56.11,381.13,0.00,56.11,0.00,0.00,USD,6.792002,2023-01-19 09:32:45,,P
3160014698251079714,2023011822001112981405891220,36.76,249.00,0.00,36.76,0.00,0.00,USD,6.773300,2023-01-18 00:24:11,,P
3158860824436421132,2023011722001134061411325197,51.69,350.12,,,,,USD,6.773300,2023-01-17 22:33:50,,P
3160107795564616844,2023011722001164531452950982,51.96,351.97,0.00,51.96,0.00,0.00,USD,6.773300,2023-01-17 21:05:15,,P
3158978473449336618,2023011722001136551441376737,60.24,408.00,17.01,,43.23,292.81,USD,6.773300,2023-01-17 13:52:02,,P
3158527933054589245,2023011722001157781415899051,27.29,183.04,5.36,,21.93,147.07,USD,6.706345,2023-01-17 07:59:01,2023-02-06 16:05:03,P
3157710156115372132,2023011722001145241406404089,17.74,119.00,,,,,USD,6.706345,2023-01-17 07:56:54,,P
1798573476537891685,2023011622001139601432602292,49.74,333.58,16.62,,33.12,222.11,USD,6.706345,2023-01-16 22:13:33,,P
1799294809374532995,2023011622001144871417261223,56.55,379.25,0.00,56.55,0.00,0.00,USD,6.706345,2023-01-16 22:00:30,,P
1798561884815023388,2023011622001171921458935348,54.19,363.41,15.04,,39.15,262.55,USD,6.706345,2023-01-16 21:53:13,2023-02-06 16:05:03,P
3158816943932100952,2023011622001156961457933584,17.74,119.00,,,,,USD,6.706345,2023-01-16 21:17:37,,P
3157060248739382361,2023011622001157191420990045,58.64,393.24,,,,,USD,6.706345,2023-01-16 16:35:36,,P
1799058902064451870,2023011622001157411430396585,32.22,216.10,,,,,USD,6.706345,2023-01-16 12:36:39,,P
3157435657737675409,2023011622001130391454644964,13.27,89.00,0.00,13.27,0.00,0.00,USD,6.706345,2023-01-16 11:55:49,,P
3157591466014122042,2023011622001165941449425685,46.76,313.58,15.81,,30.95,207.56,USD,6.706345,2023-01-16 10:59:24,,P
1798938229197626497,2023011622001194571425043573,49.01,329.40,13.90,,35.11,235.99,USD,6.721400,2023-01-16 10:02:18,2023-02-06 16:05:03,P
3157741659481272341,2023011622001177571420951435,54.93,369.23,12.31,,42.62,286.47,USD,6.721400,2023-01-16 09:28:21,2023-02-06 16:05:03,P
1798896471243945999,2023011622001114781410801902,55.89,375.64,,,,,USD,6.721400,2023-01-16 07:40:38,,P
1798141476969179996,2023011622001137621411284735,32.00,215.10,,,,,USD,6.721400,2023-01-16 01:22:17,,P
3156254496140222357,2023011622001189931405093140,33.62,226.00,0.00,33.62,0.00,0.00,USD,6.721400,2023-01-16 00:35:11,,P
1798828143912031988,2023011522001188531439441765,58.51,393.24,,,,,USD,6.721400,2023-01-15 22:58:34,,P
3157185566335969631,2023011522001164101425317948,54.34,365.26,,,,,USD,6.721400,2023-01-15 21:45:07,,P
3156843169097618962,2023011522001163951428318109,41.49,278.84,11.30,,30.19,202.92,USD,6.721400,2023-01-15 20:52:26,2023-02-06 16:05:03,P
1798030884564704475,2023011522001186071408902918,37.56,252.44,0.00,37.56,0.00,0.00,USD,6.721400,2023-01-15 20:44:53,,P
1798563145062328677,2023011522001181351406681422,39.93,268.37,0.00,39.93,0.00,0.00,USD,6.721400,2023-01-15 15:44:22,,P
1797830688617104793,2023011522001175331442812325,37.05,249.00,9.78,,27.27,183.29,USD,6.721400,2023-01-15 15:32:03,2023-02-06 16:05:03,P
3154829258262106722,2023011422001126081456954830,37.05,249.00,6.16,,30.89,207.62,USD,6.721400,2023-01-14 13:56:21,2023-02-06 16:05:03,P
3154140505429595839,2023011422001105231400960670,58.51,393.24,9.48,,49.03,329.55,USD,6.721400,2023-01-14 10:33:50,2023-02-06 16:05:03,P
3154138993007595839,2023011422001105231459772156,65.20,438.24,0.00,65.20,0.00,0.00,USD,6.721400,2023-01-14 10:31:36,,P
1797260810442211898,2023011322001143251457447771,39.05,263.12,,,,,USD,6.737400,2023-01-13 17:37:28,,P
3153106225313421421,2023011322001196781400458722,55.39,373.18,9.07,,46.32,312.08,USD,6.737400,2023-01-13 16:31:58,2023-02-06 16:05:03,P
3152770849259947261,2023011322001167441412063521,28.12,189.44,8.27,,19.85,133.74,USD,6.737400,2023-01-13 13:00:35,2023-02-06 16:05:03,P
3152979650080151308,2023011322001130781406608773,32.07,216.10,5.72,,26.35,177.53,USD,6.737400,2023-01-13 12:24:20,2023-02-06 16:05:03,P
1796928818515735673,2023011322001125871400838874,89.45,602.68,17.20,,72.25,486.78,USD,6.737400,2023-01-13 10:47:25,,P
3150516672323986435,2023011222001151641458357282,19.80,134.10,5.45,,14.35,97.21,USD,6.774423,2023-01-12 15:47:23,2023-02-06 16:05:03,P
3150725834052677237,2023011222001143801433765997,36.61,249.00,9.45,,27.16,184.73,USD,6.801500,2023-01-12 01:39:23,2023-02-06 16:05:03,P
1794428724831002097,2023011022001110251437724287,52.71,358.48,13.60,,39.11,266.01,USD,6.801500,2023-01-11 22:32:02,2023-02-06 16:05:03,P
3150588351558061858,2023011122001176201409472235,54.60,371.33,11.77,,42.83,291.31,USD,6.801500,2023-01-11 20:42:58,2023-02-06 16:05:03,P
3149935598248494132,2023011122001104591458140752,23.90,162.56,5.74,,18.16,123.52,USD,6.801500,2023-01-11 16:47:37,2023-02-06 16:05:03,P
1794917316393471188,2023011122001104321409405845,33.67,229.00,5.95,,27.72,188.54,USD,6.801500,2023-01-11 16:41:48,2023-02-06 16:05:03,P
1795534179582402879,2023011122001187201411919487,36.61,249.00,6.09,,30.52,207.58,USD,6.801500,2023-01-11 13:42:34,2023-02-06 16:05:03,P
3147745212984906909,2023011022001178411407248179,27.21,184.79,7.76,,19.45,132.08,USD,6.790500,2023-01-10 23:00:10,2023-02-06 16:05:03,P
3148777262990339057,2023011022001167151418253456,50.83,345.16,8.88,,41.95,284.86,USD,6.790500,2023-01-10 22:51:51,2023-02-06 16:05:03,P
3148494013700089257,2023011022001126451434212636,25.56,173.59,7.93,,17.63,119.72,USD,6.790500,2023-01-10 22:31:55,2023-02-06 16:05:03,P
3148156261213797823,2023011022001153991454207541,30.06,204.10,5.66,,24.40,165.69,USD,6.790500,2023-01-10 19:31:36,2023-02-06 16:05:03,P
3148099093168797823,2023011022001153991451796489,30.06,204.10,0.00,30.06,0.00,0.00,USD,6.790500,2023-01-10 19:01:33,,P
3147184803317506150,2023010922001182001452374184,14.87,100.69,4.83,,10.04,67.99,USD,6.771500,2023-01-10 15:01:50,2023-02-06 16:05:03,P
3147775203843465154,2023011022001160391420449758,48.69,329.68,10.34,,38.35,259.69,USD,6.771500,2023-01-10 11:29:58,2023-02-06 16:05:03,P
3146388588428297455,2023011022001113521459892960,7.40,50.10,2.52,,4.88,33.04,USD,6.771500,2023-01-10 11:16:56,2023-02-06 16:05:03,P
1793714016632534774,2023011022001154901443882564,14.78,100.69,4.81,,9.97,67.91,USD,6.811700,2023-01-10 10:05:13,2023-02-06 16:05:03,P
3147223862683686011,2023011022001162531420034540,25.48,173.59,8.70,,16.78,114.30,USD,6.811700,2023-01-10 09:48:40,2023-02-06 16:05:03,P
3146124060494761600,2023011022001154421459435364,26.39,179.79,8.78,,17.61,119.95,USD,6.811700,2023-01-10 09:03:34,2023-02-06 16:05:03,P
1794431751312879770,2023011022001133831441016112,8.82,60.10,2.70,,6.12,41.69,USD,6.811700,2023-01-10 09:02:37,2023-02-06 16:05:03,P
1794404641956078094,2023011022001164901440152273,8.82,60.10,2.70,,6.12,41.69,USD,6.811700,2023-01-10 09:01:43,2023-02-06 16:05:03,P
3147458259132761600,2023011022001154421402058168,52.22,355.68,0.00,52.22,0.00,0.00,USD,6.811700,2023-01-10 08:35:22,,P
1794370117716939866,2023011022001112321401463913,12.79,87.10,4.70,,8.09,55.11,USD,6.811700,2023-01-10 07:47:31,2023-02-06 16:05:03,P
3146942198898709146,2023010922001164251434874671,12.79,87.10,4.70,,8.09,55.11,USD,6.811700,2023-01-09 23:54:11,2023-02-06 16:05:03,P
3147254463942247353,2023010922001118751419260669,11.21,76.39,2.71,,8.50,57.90,USD,6.811700,2023-01-09 23:46:57,2023-02-06 16:05:03,P
3146671693108653528,2023010922001160401412531812,14.78,100.69,4.59,,10.19,69.41,USD,6.811700,2023-01-09 23:25:49,2023-02-06 16:05:03,P
3146587417874091316,2023010922001159711403748213,55.55,378.40,11.83,,43.72,297.81,USD,6.811700,2023-01-09 22:30:22,2023-02-06 16:05:03,P
3145359960267640202,2023010922001128591448753542,29.96,204.10,5.43,,24.53,167.09,USD,6.811700,2023-01-09 18:33:38,2023-02-06 16:05:03,P
3145694329457362263,2023010922001136961422008518,17.97,122.40,4.01,,13.96,95.09,USD,6.811700,2023-01-09 14:31:51,2023-02-06 16:05:03,P
3145811510702213257,2023010922001196291415787018,14.78,100.69,3.48,,11.30,76.97,USD,6.811700,2023-01-09 13:12:03,2023-02-06 16:05:03,P
3144317400485497130,2023010922001192411400444022,12.68,87.10,4.66,,8.02,55.11,USD,6.871200,2023-01-09 09:46:40,2023-02-06 16:05:03,P
1792823412211383889,2023010922001198071442176664,12.68,87.10,4.66,,8.02,55.11,USD,6.871200,2023-01-09 09:20:40,2023-02-06 16:05:03,P
3145027105174664804,2023010922001121671404309524,41.69,286.48,7.18,,34.51,237.13,USD,6.871200,2023-01-09 08:45:37,2023-02-06 16:05:03,P
1793415399972837670,2023010822001135841414409733,50.32,345.76,8.60,,41.72,286.67,USD,6.871200,2023-01-08 22:36:08,2023-02-06 16:05:03,P
3145255563246300664,2023010822001130651415660066,55.07,378.40,0.00,55.07,0.00,0.00,USD,6.871200,2023-01-08 22:07:36,,P
1793022818436818889,2023010822001111691411241175,14.65,100.69,3.45,,11.20,76.96,USD,6.871200,2023-01-08 15:40:43,2023-02-06 16:05:03,P
3143810235789922717,2023010822001154041435855664,38.77,266.40,9.57,,29.20,200.64,USD,6.871200,2023-01-08 10:46:36,2023-02-06 16:05:03,P
1792682005622431897,2023010822001108101447215744,13.93,95.69,4.61,,9.32,64.04,USD,6.871200,2023-01-08 09:36:31,2023-02-06 16:05:03,P
1792618323103189886,2023010822001170341454842758,52.17,358.48,11.10,,41.07,282.20,USD,6.871200,2023-01-08 03:24:17,2023-02-06 16:05:03,P
1792594634176235371,2023010822001128741435576536,14.65,100.69,5.44,,9.21,63.28,USD,6.871200,2023-01-08 02:00:49,2023-02-06 16:05:03,P
3143137106976724445,2023010822001133941420697333,25.26,173.59,10.62,,14.64,100.59,USD,6.871200,2023-01-08 00:52:38,2023-02-06 16:05:03,P
3142118664280652420,2023010822001198031426021716,29.70,204.10,6.95,,22.75,156.32,USD,6.871200,2023-01-08 00:49:47,2023-02-06 16:05:03,P
3141928980619348226,2023010722001156801409110090,11.12,76.39,2.90,,8.22,56.48,USD,6.871200,2023-01-07 22:20:02,2023-02-06 16:05:03,P
1792415643646627679,2023010722001168671452531962,25.26,173.59,9.84,,15.42,105.95,USD,6.871200,2023-01-07 20:46:47,2023-02-06 16:05:03,P
3142611507213140011,2023010722001198521448318240,52.89,363.40,11.52,,41.37,284.26,USD,6.871200,2023-01-07 16:56:40,2023-02-06 16:05:03,P
1791967262779997799,2023010722001195101442240109,65.82,452.28,13.38,,52.44,360.33,USD,6.871200,2023-01-07 12:40:48,2023-02-06 16:05:03,P
3140705340974647936,2023010722001197031419506344,53.22,365.68,11.11,,42.11,289.35,USD,6.871200,2023-01-07 12:17:23,2023-02-06 16:05:03,P
3141942411262426961,2023010722001133221429671385,52.17,358.48,8.85,,43.32,297.66,USD,6.871200,2023-01-07 11:35:40,2023-02-06 16:05:03,P
3141763383559434651,2023010722001135771424997343,29.70,204.10,5.60,,24.10,165.60,USD,6.871200,2023-01-07 10:24:45,2023-02-06 16:05:03,P
1791059556743784079,2023010722001142641436772875,13.90,95.69,3.34,,10.56,72.70,USD,6.884700,2023-01-07 10:02:57,2023-02-06 16:05:03,P
3140361108775736308,2023010722001198831427185874,44.20,304.28,12.38,,31.82,219.07,USD,6.884700,2023-01-07 09:53:20,2023-02-06 16:05:03,P
3140699221993019726,2023010622001109421447392773,12.65,87.10,4.65,,8.00,55.08,USD,6.884700,2023-01-06 22:31:27,2023-02-06 16:05:03,P
3140594138245045938,2023010622001193111442710534,50.13,345.16,0.00,50.13,0.00,0.00,USD,6.884700,2023-01-06 19:00:30,,P
3140317010336827011,2023010622001100131437887338,28.26,194.56,5.37,,22.89,157.59,USD,6.884700,2023-01-06 16:43:57,2023-02-06 16:05:03,P
1790419980930175988,2023010622001167781423256516,50.22,345.76,8.37,,41.85,288.12,USD,6.884700,2023-01-06 14:10:33,2023-02-06 16:05:03,P
3139937534671957327,2023010622001139231417586744,8.73,60.10,2.67,,6.06,41.72,USD,6.884700,2023-01-06 13:15:41,2023-02-06 16:05:03,P
3140068539149852556,2023010622001170641431677401,14.63,100.69,4.76,,9.87,67.95,USD,6.884700,2023-01-06 11:48:11,2023-02-06 16:05:03,P
3139584662033589245,2023010622001157781430284373,24.75,170.40,7.46,,17.29,119.04,USD,6.884700,2023-01-06 10:49:22,2023-02-06 16:05:03,P
3139107013714444310,2023010622001131961406920970,27.51,189.79,7.59,,19.92,137.41,USD,6.898300,2023-01-06 09:04:59,2023-02-06 16:05:03,P
1790816271427185970,2023010622001176281454998459,27.51,189.79,7.81,,19.70,135.90,USD,6.898300,2023-01-06 02:57:09,2023-02-06 16:05:03,P
1790758165566594368,2023010522001173171444060707,47.24,325.88,10.76,,36.48,251.65,USD,6.898300,2023-01-05 23:43:51,2023-02-06 16:05:03,P
3138868225384134752,2023010522001196561414365294,12.63,87.10,2.87,,9.76,67.33,USD,6.898300,2023-01-05 23:34:10,2023-02-06 16:05:03,P
1790550231737170682,2023010522001198361437421233,29.59,204.10,6.92,,22.67,156.38,USD,6.898300,2023-01-05 19:14:57,2023-02-06 16:05:03,P
1790463865899614676,2023010522001165481430411889,47.00,324.20,10.26,,36.74,253.44,USD,6.898300,2023-01-05 17:55:14,2023-02-06 16:05:03,P
3138294638929852149,2023010522001138331454032575,11.07,76.39,2.89,,8.18,56.43,USD,6.898300,2023-01-05 15:50:53,2023-02-06 16:05:03,P
3137185836311325056,2023010522001101351422778058,15.33,105.73,3.73,,11.60,80.02,USD,6.898300,2023-01-05 15:12:13,2023-02-06 16:05:03,P
3138286935183421421,2023010522001196781419535829,26.06,179.79,5.01,,21.05,145.21,USD,6.898300,2023-01-05 12:55:50,2023-02-06 16:05:03,P
3137759462425559728,2023010522001165511450235751,12.63,87.10,4.64,,7.99,55.12,USD,6.898300,2023-01-05 11:24:51,2023-02-06 16:05:03,P
3138028707523154228,2023010522001114511451240587,8.71,60.10,2.66,,6.05,41.73,USD,6.898300,2023-01-05 11:11:23,2023-02-06 16:05:03,P
1790029885148508469,2023010522001143651402617368,8.71,60.10,3.05,,5.66,39.04,USD,6.898300,2023-01-05 10:34:22,2023-02-06 16:05:03,P
3137611322862559728,2023010522001165511450606803,23.71,163.59,9.34,,14.37,99.13,USD,6.898300,2023-01-05 10:31:32,2023-02-06 16:05:03,P
3137658987262297455,2023010522001113521432731516,7.24,50.10,2.47,,4.77,32.99,USD,6.916800,2023-01-05 05:00:29,2023-02-06 16:05:03,P
3137203083215053045,2023010422001143191431988764,17.45,120.69,4.38,,13.07,90.40,USD,6.916800,2023-01-04 20:54:23,2023-02-06 16:05:03,P
1789697751717832979,2023010422001175911412177438,14.56,100.69,5.39,,9.17,63.43,USD,6.916800,2023-01-04 20:52:21,2023-02-06 16:05:03,P
3136663550792140011,2023010422001198521433246150,52.54,363.40,11.44,,41.10,284.28,USD,6.916800,2023-01-04 19:06:24,2023-02-06 16:05:03,P
3136817919981431466,2023010422001100921405674360,11.04,76.39,4.15,,6.89,47.66,USD,6.916800,2023-01-04 17:51:17,2023-02-06 16:05:03,P
1789455615364443379,2023010422001199101425037856,12.59,87.10,4.63,,7.96,55.06,USD,6.916800,2023-01-04 16:36:17,2023-02-06 16:05:03,P
3135291264490248925,2023010422001185251409704343,78.70,544.37,14.82,,63.88,441.85,USD,6.916800,2023-01-04 16:26:45,2023-02-06 16:05:03,P
3135273624146972451,2023010422001167081410344521,26.18,181.10,7.53,,18.65,129.00,USD,6.916800,2023-01-04 16:17:52,2023-02-06 16:05:03,P
1789419038081902078,2023010422001112521432431059,12.59,87.10,5.11,,7.48,51.74,USD,6.916800,2023-01-04 16:01:43,2023-02-06 16:05:03,P
3136196594126852149,2023010422001138331449942535,8.69,60.10,2.66,,6.03,41.71,USD,6.916800,2023-01-04 15:18:06,2023-02-06 16:05:03,P
3135153168110852149,2023010422001138331450587784,8.69,60.10,2.66,,6.03,41.71,USD,6.916800,2023-01-04 15:16:36,2023-02-06 16:05:03,P
3136202175627317058,2023010422001188911413070937,54.71,378.40,9.71,,45.00,311.26,USD,6.916800,2023-01-04 12:45:18,2023-02-06 16:05:03,P
1789175714744825377,2023010422001106831406598364,39.67,274.40,8.49,,31.18,215.67,USD,6.916800,2023-01-04 11:38:38,2023-02-06 16:05:03,P
3135371115735740642,2023010322001149941453725074,50.91,352.96,8.57,,42.34,293.56,USD,6.933400,2023-01-03 22:41:28,2023-02-06 16:05:03,P
3134737369895710040,2023010322001103611432434170,27.55,190.99,5.48,,22.07,153.02,USD,6.933400,2023-01-03 22:24:48,2023-02-06 16:05:03,P
1788784789152838672,2023010322001127361427092919,54.58,378.40,9.68,,44.90,311.31,USD,6.933400,2023-01-03 21:24:24,2023-02-06 16:05:03,P
3135199179859155329,2023010322001129821451415806,11.02,76.39,0.00,11.02,0.00,0.00,USD,6.933400,2023-01-03 21:11:35,,P
1788639279504552286,2023010322001191061408607154,20.91,145.00,7.44,,13.47,93.39,USD,6.933400,2023-01-03 18:55:49,2023-02-06 16:05:03,P
3134490051688682340,2023010322001197141406801846,14.52,100.69,4.72,,9.80,67.95,USD,6.933400,2023-01-03 15:47:26,2023-02-06 16:05:03,P
3133891333861601521,2023010322001197341425449867,51.62,357.89,11.54,,40.08,277.89,USD,6.933400,2023-01-03 15:45:14,2023-02-06 16:05:03,P
3134180523259805806,2023010322001139781408106945,29.44,204.10,5.55,,23.89,165.64,USD,6.933400,2023-01-03 13:07:05,2023-02-06 16:05:03,P
1788204615770560595,2023010322001169931408374430,29.44,204.10,5.55,,23.89,165.64,USD,6.933400,2023-01-03 11:31:10,2023-02-06 16:05:03,P
3133166797379157639,2023010322001114371450423245,25.04,173.59,9.52,,15.52,107.61,USD,6.933400,2023-01-03 10:28:57,2023-02-06 16:05:03,P
3132781489511065360,2023010222001173351404596089,29.47,204.10,5.56,,23.91,165.62,USD,6.926800,2023-01-02 23:47:51,2023-02-06 16:05:03,P
3131905500451332409,2023010222001150301456295226,25.06,173.59,9.54,,15.52,107.50,USD,6.926800,2023-01-02 22:04:51,2023-02-06 16:05:03,P
3132905834736421421,2023010222001196781408825229,29.47,204.10,5.34,,24.13,167.14,USD,6.926800,2023-01-02 21:55:52,2023-02-06 16:05:03,P
1787794250773791697,2023010222001147641406004036,12.57,87.10,0.00,12.57,0.00,0.00,USD,6.926800,2023-01-02 21:32:11,,P
3132786386894778233,2023010222001143541422227653,9.58,66.39,2.81,,6.77,46.89,USD,6.926800,2023-01-02 20:57:25,2023-02-06 16:05:03,P
1787769769001564072,2023010222001101631423469427,7.23,50.10,2.46,,4.77,33.04,USD,6.926800,2023-01-02 20:25:08,2023-02-06 16:05:03,P
3131527932068711329,2023010222001133601433770762,64.61,447.56,12.21,,52.40,362.96,USD,6.926800,2023-01-02 19:05:21,2023-02-06 16:05:03,P
3132152965727739620,2023010222001106851418615045,52.71,365.08,9.18,,43.53,301.52,USD,6.926800,2023-01-02 18:26:18,2023-02-06 16:05:03,P
3132217334178120717,2023010222001192941453499550,29.47,204.10,5.56,,23.91,165.62,USD,6.926800,2023-01-02 16:48:05,2023-02-06 16:05:03,P
3132030063436295460,2023010222001136101419860408,28.17,195.10,9.60,,18.57,128.63,USD,6.926800,2023-01-02 13:10:55,2023-02-06 16:05:03,P
3130922377255368133,2023010222001163261443497953,20.18,140.74,4.96,,15.22,106.13,USD,6.972925,2023-01-02 09:53:00,2023-02-06 16:05:03,P
1787113166700726078,2023010222001144621416131867,54.27,378.40,9.63,,44.64,311.27,USD,6.972925,2023-01-02 09:49:11,2023-02-06 16:05:03,P
3131028614031102625,2023010222001104121405636939,14.44,100.69,4.48,,9.96,69.45,USD,6.972925,2023-01-02 02:22:56,2023-02-06 16:05:03,P
3130945562170294010,2023010122001154361428912329,10.96,76.39,2.86,,8.10,56.48,USD,6.972925,2023-01-01 23:57:21,2023-02-06 16:05:03,P
3130840587996043508,2023010122001162301444841317,52.36,365.08,13.64,,38.72,269.99,USD,6.972925,2023-01-01 20:17:22,2023-02-06 16:05:03,P
1786740207771556391,2023010122001150471438616353,14.44,100.69,4.70,,9.74,67.92,USD,6.972925,2023-01-01 19:25:28,2023-02-06 16:05:03,P
3130096897164894548,2023010122001144781407744629,12.49,87.10,5.07,,7.42,51.74,USD,6.972925,2023-01-01 19:17:17,2023-02-06 16:05:03,P
1786000332465119272,2023010122001121181406455516,12.49,87.10,4.59,,7.90,55.09,USD,6.972925,2023-01-01 19:16:12,2023-02-06 16:05:03,P
3130485807359645543,2023010122001190451459659995,54.27,378.40,9.63,,44.64,311.27,USD,6.972925,2023-01-01 17:39:19,2023-02-06 16:05:03,P
3130116374643963028,2023010122001145201419718753,29.27,204.10,5.34,,23.93,166.86,USD,6.972925,2023-01-01 17:11:01,2023-02-06 16:05:03,P
1786572050397572583,2023010122001125581456647684,24.89,173.59,9.69,,15.20,105.99,USD,6.972925,2023-01-01 16:36:54,2023-02-06 16:05:03,P
3129929643085216116,2023010122001161621410342891,26.17,182.48,7.50,,18.67,130.18,USD,6.972925,2023-01-01 13:41:11,2023-02-06 16:05:03,P
1785591156178200269,2023010122001126331436511849,8.62,60.10,2.42,,6.20,43.23,USD,6.972925,2023-01-01 12:09:15,2023-02-06 16:05:03,P
3128810113748825460,2023010122001191551431807267,14.44,100.69,3.27,,11.17,77.89,USD,6.972925,2023-01-01 10:18:04,2023-02-06 16:05:03,P
1786120395285202692,2023010122001119921447811949,12.49,87.10,5.07,,7.42,51.74,USD,6.972925,2023-01-01 08:24:43,2023-02-06 16:05:03,P
3128560093349594400,2023010122001103241458935234,54.27,378.40,8.99,,45.28,315.73,USD,6.972925,2023-01-01 02:47:08,2023-02-06 16:05:03,P
1786061245722465985,2023010122001141921446726960,12.49,87.10,4.59,,7.90,55.09,USD,6.972925,2023-01-01 02:24:19,2023-02-06 16:05:03,P
1785978267547602886,2022123122001128801439952614,12.49,87.10,4.59,,7.90,55.09,USD,6.972925,2022-12-31 22:29:31,2023-02-06 16:05:03,P
1785908499845202692,2022123122001119921445647306,12.49,87.10,0.00,12.49,0.00,0.00,USD,6.972925,2022-12-31 21:05:16,,P
3127475952101591944,2022123122001115571413396530,27.76,193.59,8.99,,18.77,130.88,USD,6.972925,2022-12-31 20:53:17,2023-02-06 16:05:03,P
3128647755229891247,2022123122001121961450445297,52.44,365.68,8.96,,43.48,303.18,USD,6.972925,2022-12-31 19:40:56,2023-02-06 16:05:03,P
1785748477989634085,2022123122001180181458141235,14.44,100.69,4.70,,9.74,67.92,USD,6.972925,2022-12-31 18:12:36,2023-02-06 16:05:03,P
3128401299717283653,2022123122001177971453307867,20.79,145.00,6.24,,14.55,101.46,USD,6.972925,2022-12-31 17:48:18,2023-02-06 16:05:03,P
3126950643532194000,2022123022001186001454287053,8.62,60.10,3.02,,5.60,39.05,USD,6.972925,2022-12-30 22:40:34,2023-02-06 16:05:03,P
3125575872459676648,2022123022001151781458447376,39.51,275.48,7.26,,32.25,224.88,USD,6.972925,2022-12-30 22:03:29,2023-02-06 16:05:03,P
1784117676097251398,2022123022001105461411468821,14.44,100.69,5.35,,9.09,63.38,USD,6.972925,2022-12-30 18:09:31,2023-02-06 16:05:03,P
3126166239796315255,2022123022001155121451173157,27.22,189.79,8.75,,18.47,128.79,USD,6.972925,2022-12-30 16:29:28,2023-02-06 16:05:03,P
1784633847777581092,2022123022001126071458531138,14.44,100.69,4.70,,9.74,67.92,USD,6.972925,2022-12-30 14:16:08,2023-02-06 16:05:03,P
3124581156251445322,2022123022001181571416864440,44.34,309.17,10.22,,34.12,237.92,USD,6.972925,2022-12-30 13:58:21,2023-02-06 16:05:03,P
3125108161535704026,2022123022001139621455408698,47.93,334.18,11.05,,36.88,257.16,USD,6.972925,2022-12-30 12:21:44,2023-02-06 16:05:03,P
3125397423349239805,2022123022001173701406879653,7.18,50.10,2.44,,4.74,33.05,USD,6.972925,2022-12-30 10:39:39,2023-02-06 16:05:03,P
1784380623065825377,2022123022001106831436247184,14.44,100.69,4.70,,9.74,67.92,USD,6.972925,2022-12-30 10:25:32,2023-02-06 16:05:03,P
3125027882586769962,2022123022001130391433000399,8.59,60.10,2.41,,6.18,43.23,USD,6.995000,2022-12-30 09:45:17,2023-02-06 16:05:03,P
3125186139947341162,2022123022001105171402439162,27.30,190.99,5.43,,21.87,152.98,USD,6.995000,2022-12-30 08:30:42,2023-02-06 16:05:03,P
3124746218635653604,2022123022001144961436602965,33.98,237.68,6.36,,27.62,193.20,USD,6.995000,2022-12-30 00:13:41,2023-02-06 16:05:03,P
3123702792226653604,2022123022001144961433792788,39.38,275.48,8.82,,30.56,213.77,USD,6.995000,2022-12-30 00:10:44,2023-02-06 16:05:03,P
3124982883647496854,2022122922001141701403877044,17.80,124.50,5.79,,12.01,84.01,USD,6.995000,2022-12-29 23:51:47,2023-02-06 16:05:03,P
3124400077865956629,2022122922001157791447232079,14.39,100.69,4.68,,9.71,67.92,USD,6.995000,2022-12-29 23:46:21,2023-02-06 16:05:03,P
1783463880850541683,2022122922001141251446742388,20.73,145.00,7.37,,13.36,93.45,USD,6.995000,2022-12-29 23:35:16,2023-02-06 16:05:03,P
1784186510668120774,2022122922001153081451654343,28.88,201.99,9.15,,19.73,138.01,USD,6.995000,2022-12-29 23:33:38,2023-02-06 16:05:03,P
3124944363752814334,2022122922001191761452643642,9.54,66.75,3.11,,6.43,44.98,USD,6.995000,2022-12-29 23:31:05,2023-02-06 16:05:03,P
1783638123653582894,2022122922001118861425300409,22.05,154.23,8.80,,13.25,92.68,USD,6.995000,2022-12-29 22:24:01,2023-02-06 16:05:03,P
1784066809060720877,2022122922001109931445457853,9.54,66.75,2.68,,6.86,47.99,USD,6.995000,2022-12-29 22:03:03,2023-02-06 16:05:03,P
1783318512461963779,2022122922001171801433331617,8.59,60.10,2.63,,5.96,41.69,USD,6.995000,2022-12-29 22:00:05,2023-02-06 16:05:03,P
3123378936337883921,2022122922001105581445579882,25.89,181.11,6.03,,19.86,138.92,USD,6.995000,2022-12-29 21:24:00,2023-02-06 16:05:03,P
3123378936329883921,2022122922001105581445975750,44.01,307.88,10.59,,33.42,233.77,USD,6.995000,2022-12-29 21:24:00,2023-02-06 16:05:03,P
1784011009174609267,2022122922001196101458694330,7.16,50.10,2.65,,4.51,31.55,USD,6.995000,2022-12-29 21:22:34,2023-02-06 16:05:03,P
3124366482086434931,2022122922001185471419779468,20.73,145.00,6.23,,14.50,101.43,USD,6.995000,2022-12-29 21:21:11,2023-02-06 16:05:03,P
1783949485293591484,2022122922001136371423684893,45.94,321.36,0.00,45.94,0.00,0.00,USD,6.995000,2022-12-29 21:19:33,,P
1783266816876919489,2022122922001116841428968581,9.54,66.75,2.47,,7.07,49.45,USD,6.995000,2022-12-29 21:16:24,2023-02-06 16:05:03,P
1783904955135610151,2022122922001127231450298735,39.41,275.67,7.01,,32.40,226.64,USD,6.995000,2022-12-29 20:42:42,2023-02-06 16:05:03,P
1783798575100782767,2022122922001146641445285818,56.76,397.03,18.75,0.21,37.80,264.41,USD,6.995000,2022-12-29 20:28:58,2023-02-06 16:05:03,P
3124007634428073630,2022122922001183991451657122,22.05,154.23,8.80,,13.25,92.68,USD,6.995000,2022-12-29 20:28:22,2023-02-06 16:05:03,P
1783738958388415347,2022122922001148101457045374,20.73,145.00,6.23,,14.50,101.43,USD,6.995000,2022-12-29 20:23:45,2023-02-06 16:05:03,P
1783833350349358795,2022122922001118951453002957,29.41,205.73,6.90,,22.51,157.46,USD,6.995000,2022-12-29 20:19:52,2023-02-06 16:05:03,P
1781507316923782767,2022122822001146641439568012,21.33,149.00,0.00,21.33,0.00,0.00,USD,6.986000,2022-12-28 12:28:14,,P
3118765716894982617,2022122722001116701445127274,34.30,239.00,11.93,,22.37,155.89,USD,6.968900,2022-12-27 13:52:44,2023-02-06 16:05:03,P
3119768859921547258,2022122722001116051459067605,15.64,109.00,4.17,,11.47,79.93,USD,6.968900,2022-12-27 11:09:24,2023-02-06 16:05:03,P
1781103325261828370,2022122622001172551401028468,37.70,264.00,6.15,,31.55,220.91,USD,7.001900,2022-12-26 23:23:24,2023-02-06 16:05:03,P
3116590344587197810,2022122622001141891429673446,34.13,239.00,11.88,,22.25,155.79,USD,7.001900,2022-12-26 11:05:51,2023-02-06 16:05:03,P
3116904697686370053,2022122522001151781428427539,15.09,105.74,4.86,,10.23,71.68,USD,7.006495,2022-12-25 23:03:38,2023-02-06 16:05:03,P
1780078406903952696,2022122522001112991418461252,13.14,92.10,4.21,,8.93,62.57,USD,7.006495,2022-12-25 22:48:12,2023-02-06 16:05:03,P
3115612836839596408,2022122522001193401402049319,15.25,106.88,4.89,,10.36,72.59,USD,7.006495,2022-12-25 18:00:06,2023-02-06 16:05:03,P
3116316241660749421,2022122522001137821403380290,31.13,218.10,6.16,,24.97,174.95,USD,7.006495,2022-12-25 17:35:09,2023-02-06 16:05:03,P
3115767530005313220,2022122522001140621429605051,31.13,218.10,0.00,31.13,0.00,0.00,USD,7.006495,2022-12-25 10:56:24,,P
3115426825264659544,2022122522001118161435245870,46.12,323.14,10.01,,36.11,253.00,USD,7.006495,2022-12-25 10:28:09,2023-02-06 16:05:03,P
3114540108813739620,2022122522001106851424091156,26.71,187.17,0.00,26.71,0.00,0.00,USD,7.006495,2022-12-25 09:12:43,,P
3114250740191739620,2022122422001106851419012662,26.71,187.17,0.00,26.71,0.00,0.00,USD,7.006495,2022-12-24 22:24:59,,P
3114953822786811548,2022122422001136841451743276,15.16,106.25,4.66,,10.50,73.57,USD,7.006495,2022-12-24 18:54:00,2023-02-06 16:05:03,P
3114256429136740642,2022122422001149941451393401,51.06,357.77,0.00,51.06,0.00,0.00,USD,7.006495,2022-12-24 15:45:23,,P
1778637973361318568,2022122422001119351421577145,28.01,196.25,7.95,,20.06,140.55,USD,7.006495,2022-12-24 11:48:59,2023-02-06 16:05:03,P
3113705594992221713,2022122422001168621412314475,45.02,315.49,12.33,,32.69,229.10,USD,7.008272,2022-12-24 08:16:52,2023-02-06 16:05:03,P
3112767434221922320,2022122322001139361434167582,24.43,171.24,0.00,24.43,0.00,0.00,USD,7.008272,2022-12-23 16:00:19,,P
3111700716334028610,2022122322001159851408124783,11.39,79.81,4.04,,7.35,51.51,USD,7.008272,2022-12-23 15:56:43,2023-02-06 16:05:03,P
3112962735622558519,2022122322001193691436281940,30.52,213.87,9.63,,20.89,146.40,USD,7.008272,2022-12-23 15:10:17,2023-02-06 16:05:03,P
3112147947658309164,2022122322001104241413981948,26.46,185.00,5.56,,20.90,146.13,USD,6.991900,2022-12-23 05:54:22,2023-02-06 16:05:03,P
1777519957339351493,2022122222001110251446484616,10.28,71.90,0.00,10.28,0.00,0.00,USD,6.991900,2022-12-22 22:18:39,,P
3111259971956524025,2022122222001185201434136201,27.60,193.01,8.22,,19.38,135.50,USD,6.991900,2022-12-22 15:56:39,2023-02-06 16:05:03,P
3109892256812106559,2022122222001163641459738063,34.92,244.17,0.00,34.92,0.00,0.00,USD,6.991900,2022-12-22 15:32:22,,P
3110532337055923055,2022122222001175551426954568,31.19,218.10,9.01,,22.18,155.08,USD,6.991900,2022-12-22 14:24:30,2023-02-06 16:05:03,P
3111050847693381251,2022122222001152151444227973,15.31,107.07,6.44,,8.87,62.02,USD,6.991900,2022-12-22 13:54:45,2023-02-06 16:05:03,P
3110475782834400102,2022122222001100261434193467,15.36,107.38,0.00,15.36,0.00,0.00,USD,6.991900,2022-12-22 11:29:57,,P
1776662941617759972,2022122122001124951453634505,26.50,185.10,10.89,,15.61,109.02,USD,6.984000,2022-12-21 22:08:47,2023-02-06 16:05:03,P
3109534057643790538,2022122122001141751435044546,29.94,209.10,5.66,,24.28,169.57,USD,6.984000,2022-12-21 21:59:57,2023-02-06 16:05:03,P
1775653754603123069,2022122022001158711407952481,48.09,336.57,8.55,,39.54,276.73,USD,6.998800,2022-12-20 22:00:16,2023-02-06 16:05:03,P
3107520110392719744,2022122022001164651430897762,9.40,65.78,2.96,,6.44,45.07,USD,6.998800,2022-12-20 20:26:05,2023-02-06 16:05:03,P
3105651818226804160,2022121922001101181408851796,36.22,253.20,6.11,,30.11,210.47,USD,6.990000,2022-12-19 20:12:40,2023-02-06 16:05:03,P
3103534548592963028,2022121922001145201418493245,37.77,264.00,6.34,,31.43,219.70,USD,6.990000,2022-12-19 12:02:17,2023-02-06 16:05:03,P
3103957945032773212,2022121922001104741442743371,19.17,134.00,3.86,,15.31,107.03,USD,6.991000,2022-12-19 09:50:36,2023-02-06 16:05:03,P
3098852427901728716,2022121622001154631404198354,19.16,134.00,5.60,,13.56,94.81,USD,6.992000,2022-12-16 12:38:55,2023-02-06 16:05:03,P
3097316919177980614,2022121522001177061445300359,12.76,89.00,3.21,,9.55,66.60,USD,6.973500,2022-12-15 16:51:26,2023-02-06 16:05:03,P
3095932068161767764,2022121522001140961455773750,32.12,224.00,11.39,,20.73,144.56,USD,6.973500,2022-12-15 16:03:04,2023-02-06 16:05:03,P
1770205045652318075,2022121522001124921457044623,13.48,94.00,3.20,,10.28,71.69,USD,6.973500,2022-12-15 10:07:51,2023-02-06 16:05:03,P
1770071269796555677,2022121522001157001442754160,28.54,199.20,6.42,,22.12,154.36,USD,6.978500,2022-12-15 01:29:17,2023-02-06 16:05:03,P
